<?xml version="1.0" encoding="UTF-8"?>
<project-private xmlns="http://www.netbeans.org/ns/project-private/1">
    <editor-bookmarks xmlns="http://www.netbeans.org/ns/editor-bookmarks/2" lastBookmarkId="0"/>
    <open-files xmlns="http://www.netbeans.org/ns/projectui-open-files/2">
        <group>
            <file>file:/Users/hasnainsayyed/Online-Shopping-System-main%20/Project/src/project/BillingDB.java</file>
            <file>file:/Users/hasnainsayyed/Online-Shopping-System-main%20/Project/src/project/BillObject.java</file>
            <file>file:/Users/hasnainsayyed/Online-Shopping-System-main%20/Project/src/project/ForgotPassword.java</file>
            <file>file:/Users/hasnainsayyed/Online-Shopping-System-main%20/Project/src/project/DbConnector.java</file>
            <file>file:/Users/hasnainsayyed/Online-Shopping-System-main%20/Project/src/project/AdminPanel.java</file>
            <file>file:/Users/hasnainsayyed/Online-Shopping-System-main%20/Project/src/project/ForgotPasswordFrame.java</file>
        </group>
    </open-files>
</project-private>
